title,desc,category,needs,duration,energy,link,link_label
Blind-contour portraits,"Sit facing each other with sketchpads. Set a 5-minute timer. Keep your eyes on your partner's face and draw one continuous line without glancing down. When the timer ends, share one detail you enjoyed capturing before showing the portraits.",creativity,Self expression|To be seen,5,calm,,
20-word micro-story,Write exactly 20 words about today.,creativity,Self expression|Autonomy,15,calm,,
Four-panel comic,Sketch today in four frames.,creativity,Self expression|Recognition,15,medium,,
Blackout poetry,Use an old flyer or mailer and mark over words until you only have a short poem left.,creativity,Self expression|Serenity,15,calm,,
Collage from junk mail,Cut and tape scraps into a tiny scene or creature.,creativity,Beauty|Freedom,15,playful,,
Tonight poem,Each write a 10-line poem where each line starts with ‘Tonight…’.,creativity,Self expression|Clarity,12,calm,,
Paper heart note,"Fold a simple paper heart: fold paper in half, bring top corners to the center, fold the bottom up and tuck points to round the edges, then add a short note and gift it.",creativity,Contribution|Appreciation,12,calm,,
Doodle swap,One person starts a doodle; the other finishes it.,creativity,Mutuality|Friendship,10,playful,,
Charades,Use the Charades prompt button below to draw a surprise idea and act it out silently.,play,Friendship|Participation,15,lively,,
20 questions with a maybe,"Choose a secret everyday object. Tap the Yes/No prompt button below for ready-made questions to ask, and allow exactly one 'maybe' answer each round. Swap who thinks of the mystery item every game.",play,Understanding|Participation,12,calm,,
Household pictionary,Each draw a random object in the house and attempt to guess what each other drew.,play,Friendship|Closeness,15,lively,,
Story baton,Tell a story together one sentence at a time.,play,Mutuality|Empathy,10,playful,,
Blanket-fort speed build,"Construct a cozy fort, then sit inside for two minutes.",play,Support|Community,15,lively,,
Scavenger hunt,Find 5 yellow things or 3 circles around the room.,play,Act Freely|Accomplishment,12,playful,,
Appreciation sprint,"Each write five specific appreciations of the other, then read aloud.",connection,Appreciation|Acknowledgement,12,warm,,
Back-to-back drawing,"Sit back-to-back with paper and pencil. One partner describes an object in their view using simple shapes, sizes, and positions while the other sketches without looking; reveal and compare when done.",connection,Trust|Closeness,12,medium,,
Draw on my back,Your partner draws something on your back while you attempt to draw it on paper following their lead.,movement,Physical Fitness|Mutuality,10,calm,,
Hallway bowling,Use bottles as pins and rolled socks as the ball.,movement,Act Freely|Friendship,12,lively,,
Living-room dance party,Make your own rhythm—no music required.,movement,Freedom|Participation,10,lively,,
Plank and pun duel,Hold a plank while your partner tells groan-worthy puns.,movement,Accomplishment|Friendship,8,lively,https://wstyler.ucsd.edu/puns/,Browse pun list
Tea ceremony,"Brew, pour slowly, and describe the flavors you notice.",calm,Peace|Serenity,12,calm,,
5-4-3-2-1 grounding,"Notice 5 sights, 4 touches, 3 sounds, 2 smells, 1 taste.",calm,Serenity|Clarity,8,calm,,
Body scan with self-massage,"Notice sensations while massaging temples, jaw, shoulders, hands, and feet.",calm,Rest|Do things at my own pace and in my own way,12,calm,,
Draw your breathing,"Without looking at the page, let your pen wander a wavy line that rises on inhales and falls on exhales. Look after a minute and add tiny marks for any pauses or sighs you noticed.",calm,Serenity|Self expression,10,calm,,
Home words candle ritual,Light a candle and write 10 words that feel like home.,calm,Peace|Acknowledgement,10,warm,,
Create 2 shared gestures,"Sit together and invent two simple hand gestures for feelings you want to remember tonight. Agree on what each one means, practice them back and forth, and try using them later for quick check-ins.",learning,Mutuality|Understanding,12,calm,,
Read one poem aloud,"Read a poem aloud, choose one line, and share why it stands out.",learning,Closeness|To be heard,10,calm,,
Map your home from memory,"Sketch a top-down map, then compare versions.",learning,Understanding|Predictability,12,playful,,
Label the cable tangle,Make three labels from tape or paper and put them on  cords.,order,Order|Predictability,8,calm,,
Water-and-prune round,Water plants and remove one tired leaf per plant.,order,Need for all living things to flourish|Nurturing,12,calm,,
Spice blending lab,"Open three spices, mix a pinch, and name the blend.",senses,Beauty|Freedom,10,playful,,
Ice-cube experiment,Hold an ice cube for 10 seconds then journal sensations.,senses,Participation|Growth,8,calm,,
Indoor smell walk,"Each person gathers five distinct smells and lines them up from comforting to zesty. Trade trays, explore each other's picks, then rearrange them to show how you'd order your partner's selection.",senses,Beauty|Connection,10,playful,,
3×3 gratitude,"Name 3 things you are grateful for about me, 3 about you, and 3 about our space.",reflection,Appreciation|Mattering,10,warm,,
Needs check-in,"Each name one need alive right now, then choose a fitting idea.",reflection,Mutuality|Need to matter,8,calm,https://needshare.net/needs,Browse Needs
Note hideaway,Each write a note and hide it at eye level for the other person later.,reflection,Love/Caring|Belonging,10,warm,,
Weather report doodles,Draw today as weather icons and compare forecasts.,reflection,Self expression|Honesty,12,playful,,
Two-word check-in,"Set a three-minute timer. Each person shares exactly two words describing their inner weather, then one sentence about what would make the next hour sweeter.",connection,To be seen|Clarity,3,warm,,
Read me this,"Grab any nearby book, find one sentence that catches your eye, and read it aloud. The listener replies with the part they liked hearing before swapping roles.",connection,Attention|Understanding,4,warm,,
60-second map,"On scrap paper, each sketch a quick map of your inner world with blobs or labels. Swap and check if you understood each other.",connection,Expression|Empathy,4,calm,,
Five things game,Pick a playful category like “green things at home” or “nicknames for the couch.” Take turns naming five items each.,play,Play|Spontaneity,6,playful,,
Shadow puppets,"Turn on a lamp, create three shadow shapes with your hands, and spin a 60-second story about them together.",play,Humor|Creativity,6,playful,,
Beatbox handshake,"Invent a four-beat combo of claps, snaps, and beatbox syllables. Count yourselves in together, practice it once at a steady tempo.",play,Fun|Closeness,5,lively,,
Paper airplane relay,Fold the quickest paper airplane you can and take turns flying from couch to doorway.,play,Play|Improvement,7,lively,,
4-4-6 breaths,"Sit with feet grounded. Inhale for four counts, hold for four, and exhale for six.",calm,Calm|Co-regulation,6,calm,,
Window watch,"Sit together and name five things you can see, hear, or sense outside the window right now.",calm,Peace|Connection with environment,5,calm,,
Tiny nap pact,"Set a three-minute timer, lie down back-to-back or foot-to-foot, and rest quietly until the timer rings.",calm,Rest|Comfort,10,calm,,
Back tracing letters,"Trace a short word on your partner’s back with a fingertip while they guess, then swap roles.",connection,Touch|Play,4,warm,,
Tidy duet,Clean one surface together and celebrate with a high-five.,order,Order|Teamwork,10,medium,,
Label one drawer,Write a quick label on scrap paper and tape it to a drawer or bin so one cluster of items gains a clear home.,order,Clarity|Predictability,5,calm,,
5-item release,"Spot five obvious trash or recycling items, remove them now, and celebrate with a goofy courtesy.",order,Completion|Momentum,6,playful,,
Reset the couch zone,"Fluff pillows, fold a blanket, and clear stray cups before sitting back down together.",order,Beauty|Comfort,8,warm,,
Micro-toasts,Raise your glasses (or pretend glasses) and offer ten-second toasts to small things that made today lighter.,reflection,Celebration|Gratitude,5,warm,,
What I value in you cards,"On two scraps of paper, write a quality you cherish in each other, then hand them over and read aloud.",reflection,Appreciation|Being known,6,warm,,
Success snapshot,Name one action your partner did this week that served you and explain exactly how it helped.,reflection,Recognition|Contribution,4,warm,,
Favorite moment replay,"Each narrate a short favorite shared moment and the need it met, then enjoy the memory together.",reflection,Meaning|Connection,6,warm,https://needshare.net/needs,Browse Needs
10-second dance bow,"Face each other, bow like performers, improvise ten seconds of movement, and bow again.",play,Expression|Celebration,4,playful,,
Request practice,"Practice the template: “When I notice __, I feel __ because I need __. Would you be willing to __?” and respond with yes, no, or an alternative.",learning,Clarity|Empowerment,8,calm,https://needshare.net/needs,Browse Needs
Value word of the day,Choose one need such as respect or play and each share a memory of when it was fulfilled.,learning,Meaning|Orientation,6,warm,https://needshare.net/needs,Browse Needs
Household haiku,Compose a quick 5-7-5 haiku about something you can both see right now and share it.,creativity,Beauty|Presence,7,calm,,
100-step wander,"Walk one hundred slow steps around your home together, tapping an agreed “home base” each lap.",movement,Movement|Companionship,8,calm,,
Balance challenge,Stand facing each other on one foot with palms touching lightly and try to stay steady for thirty seconds before switching feet.,movement,Focus|Coordination,5,medium,,
Tiny altar of now,"Choose three objects that symbolize what matters tonight, arrange them together, and sit quietly with them for a minute. Then share with each other what they mean.",meaning,Reverence|Coherence,6,calm,,
Mourning minute,Each name one thing you wish had gone differently today while the listener reflects the need they imagine mattered.,meaning,Mourning|Validation,5,calm,https://needshare.net/needs,Browse Needs
Scent tour,"Gather three safe-to-smell items like tea or spices, take turns inhaling each, and share the memory it sparks.",senses,Sensuality|Nostalgia,6,calm,,
Compliment the body,Name two non-sexual physical qualities you appreciate in your partner.,sensual,Appreciation|Acceptance,4,warm,,
Snack staging,"Plate a shared snack you already have, arrange it beautifully, and enjoy three slow bites each.",teamwork,Nourishment|Togetherness,7,warm,,
Welcome-home sign,Create a small welcome note for the next time one of you returns home and place it by the door.,teamwork,Care|Anticipation,6,warm,,
Five-star dishwash,"Wash exactly five dishes as a duo—one washes, one dries—then stop and celebrate the tiny win.",teamwork,Completion|Cooperation,6,playful,,
10-object gallery,"Pick ten small items, arrange them into a mini-gallery on a shelf, and give the exhibit a title.",beauty,Beauty|Creativity,8,playful,,
Light & sound tune,Adjust one light and one sound source—like dimming a lamp or opening a window—then check in with “more or less?”.,beauty,Comfort|Ease,4,calm,,
Photo-free memory wall,Write three short titles of shared memories on scraps of paper and tape them up as a mini memory wall.,beauty,Continuity|Shared story,7,warm,,
Five beauties,"Take turns pointing out five beautiful details you can see right now, like shadow patterns or wood grain.",beauty,Appreciation|Presence,4,calm,,
